Distance,E,N,Elev
0,507000,-1339500,2149.627441
500,507500,-1339500,2148.027832
1207.106781,508000,-1339000,2144.168457
1914.213562,508500,-1338500,2138.689209
2621.320344,509000,-1338000,2133.744629
3328.427125,509500,-1337500,2130.390137
3828.427125,510000,-1337500,2124.22876
4328.427125,510500,-1337500,2119.818604
4828.427125,511000,-1337500,2116.79248
5328.427125,511500,-1337500,2113.9375
5828.427125,512000,-1337500,2111.577393
6328.427125,512500,-1337500,2109.591553
7035.533906,513000,-1338000,2105.140381
7742.640687,513500,-1338500,2101.143066
8449.747468,514000,-1339000,2096.854248
9156.854249,514500,-1339500,2092.401855
9863.961031,515000,-1340000,2089.102051
10363.96103,515000,-1340500,2086.308594
11071.06781,515500,-1341000,2082.014893
11571.06781,515500,-1341500,2079.154541
12071.06781,515500,-1342000,2075.390137
12571.06781,515500,-1342500,2072.683105
13071.06781,515500,-1343000,2069.890137
13571.06781,515500,-1343500,2067.549805
14071.06781,515500,-1344000,2065.109375
14571.06781,515500,-1344500,2062.632568
15071.06781,515500,-1345000,2059.781006
15571.06781,515500,-1345500,2057.151367
16071.06781,515500,-1346000,2054.165039
16571.06781,515500,-1346500,2051.195801
17071.06781,515500,-1347000,2047.133423
17571.06781,515500,-1347500,2043.613525
18071.06781,515500,-1348000,2041.772461
18571.06781,515500,-1348500,2040.616699
19071.06781,515500,-1349000,2039.673584
19778.17459,516000,-1349500,2037.126221
20278.17459,516000,-1350000,2034.879761
20778.17459,516000,-1350500,2032.454956
21278.17459,516000,-1351000,2030.234009
21778.17459,516000,-1351500,2028.35083
22278.17459,516000,-1352000,2026.369995
22778.17459,516000,-1352500,2024.572266
23278.17459,516000,-1353000,2022.934204
23778.17459,516000,-1353500,2021.438232
24278.17459,516000,-1354000,2019.121094
24778.17459,516000,-1354500,2015.848022
25485.28137,515500,-1355000,2004.358521
26192.38816,515000,-1355500,1995.29895
26692.38816,514500,-1355500,1987.995483
27399.49494,514000,-1356000,1981.868652
28106.60172,513500,-1356500,1977.205566
28813.7085,513000,-1357000,1958.554077
29520.81528,512500,-1357500,1911.036011
30020.81528,512500,-1358000,1887.217041
30520.81528,512500,-1358500,1873.37915
31020.81528,512500,-1359000,1864.613525
31520.81528,512500,-1359500,1860.70166
