Distance,E,N,Elev
0,507000,-1339500,1833.038208
500,507500,-1339500,1788.982422
1207.106781,508000,-1339000,1720.508545
1914.213562,508500,-1338500,1643.757324
2621.320344,509000,-1338000,1563.490845
3328.427125,509500,-1337500,1478.189941
3828.427125,510000,-1337500,1430.969971
4328.427125,510500,-1337500,1390.845703
4828.427125,511000,-1337500,1361.19165
5328.427125,511500,-1337500,1349.144043
5828.427125,512000,-1337500,1350.580322
6328.427125,512500,-1337500,1349.929443
7035.533906,513000,-1338000,1371.85022
7742.640687,513500,-1338500,1305.072754
8449.747468,514000,-1339000,1154.715454
9156.854249,514500,-1339500,1023.426025
9863.961031,515000,-1340000,997.8391113
10363.96103,515000,-1340500,1066.660645
11071.06781,515500,-1341000,1109.38208
11571.06781,515500,-1341500,1136.169922
12071.06781,515500,-1342000,1153.405396
12571.06781,515500,-1342500,1162.196655
13071.06781,515500,-1343000,1160.547607
13571.06781,515500,-1343500,1144.177979
14071.06781,515500,-1344000,1114.520264
14571.06781,515500,-1344500,1080.991577
15071.06781,515500,-1345000,1052.606445
15571.06781,515500,-1345500,1030.260254
16071.06781,515500,-1346000,1009.117798
16571.06781,515500,-1346500,992.0736084
17071.06781,515500,-1347000,980.5383301
17571.06781,515500,-1347500,978.798584
18071.06781,515500,-1348000,985.9865723
18571.06781,515500,-1348500,996.6473389
19071.06781,515500,-1349000,1005.846313
19571.06781,515500,-1349500,1010.420776
20071.06781,515500,-1350000,1013.244263
20571.06781,515500,-1350500,1017.430603
21071.06781,515500,-1351000,1025.986816
21571.06781,515500,-1351500,1040.778076
22071.06781,515500,-1352000,1060.357666
22778.17459,515000,-1352500,1129.551025
23485.28137,514500,-1353000,1203.632568
23985.28137,514000,-1353000,1251.410645
24485.28137,513500,-1353000,1298.944092
24985.28137,513000,-1353000,1351.55127
25485.28137,512500,-1353000,1406.172607
25985.28137,512000,-1353000,1466.176758
26485.28137,512000,-1353500,1473.54541
27192.38816,511500,-1354000,1525.085938
27899.49494,511000,-1354500,1582.841187
28606.60172,510500,-1355000,1818.666016
29106.60172,510000,-1355000,1858.973022
29606.60172,509500,-1355000,1787.901367
30106.60172,509000,-1355000,1708.389771
